seq,rep,page_size,version,page,status,rows_returned,sql_total,sql_list,client_ms,server_ms,timestamp,same_items_as_other_version
1,1,10,naive,303,200,10,13,11,17.293,16.47,2026-09-28T11:27:36.235,True
2,1,10,fixed,303,200,10,3,1,15.083,14.304,2026-09-28T11:27:36.250,True
3,1,50,naive,95,200,50,53,51,21.066,20.029,2026-09-28T11:27:36.272,True
4,1,50,fixed,95,200,50,3,1,12.774,11.78,2026-09-28T11:27:36.284,True
5,1,200,naive,7,200,200,203,201,54.087,53.055,2026-09-28T11:27:36.339,True
6,1,200,fixed,7,200,200,3,1,14.023,12.907,2026-09-28T11:27:36.353,True
7,2,10,fixed,111,200,10,3,1,8.914,7.851,2026-09-28T11:27:36.362,True
8,2,10,naive,111,200,10,13,11,9.575,8.578,2026-09-28T11:27:36.372,True
9,2,50,fixed,44,200,50,3,1,9.698,8.654,2026-09-28T11:27:36.382,True
10,2,50,naive,44,200,50,53,51,19.705,18.6,2026-09-28T11:27:36.402,True
11,2,200,fixed,16,200,200,3,1,13.523,12.366,2026-09-28T11:27:36.416,True
12,2,200,naive,16,200,200,203,201,53.247,52.139,2026-09-28T11:27:36.469,True
13,3,10,naive,343,200,10,13,11,11.109,10.057,2026-09-28T11:27:36.481,True
14,3,10,fixed,343,200,10,3,1,13.147,12.178,2026-09-28T11:27:36.494,True
15,3,50,naive,57,200,50,53,51,19.926,18.943,2026-09-28T11:27:36.514,True
16,3,50,fixed,57,200,50,3,1,11.935,10.885,2026-09-28T11:27:36.526,True
17,3,200,naive,24,200,200,203,201,52.541,51.453,2026-09-28T11:27:36.579,True
18,3,200,fixed,24,200,200,3,1,15.171,14.015,2026-09-28T11:27:36.594,True
19,4,10,fixed,389,200,10,3,1,10.209,9.269,2026-09-28T11:27:36.605,True
20,4,10,naive,389,200,10,13,11,10.939,10.012,2026-09-28T11:27:36.616,True
21,4,50,fixed,40,200,50,3,1,10.497,9.603,2026-09-28T11:27:36.626,True
22,4,50,naive,40,200,50,53,51,19.319,18.335,2026-09-28T11:27:36.646,True
23,4,200,fixed,1,200,200,3,1,9.978,9.012,2026-09-28T11:27:36.656,True
24,4,200,naive,1,200,200,203,201,50.836,49.871,2026-09-28T11:27:36.707,True
25,5,10,naive,188,200,10,13,11,9.933,8.98,2026-09-28T11:27:36.717,True
26,5,10,fixed,188,200,10,3,1,8.744,7.862,2026-09-28T11:27:36.726,True
27,5,50,naive,88,200,50,53,51,20.875,19.834,2026-09-28T11:27:36.747,True
28,5,50,fixed,88,200,50,3,1,11.637,10.664,2026-09-28T11:27:36.759,True
29,5,200,naive,23,200,200,203,201,53.199,52.217,2026-09-28T11:27:36.812,True
30,5,200,fixed,23,200,200,3,1,13.865,12.877,2026-09-28T11:27:36.827,True
31,6,10,fixed,26,200,10,3,1,7.018,6.092,2026-09-28T11:27:36.834,True
32,6,10,naive,26,200,10,13,11,8.505,7.622,2026-09-28T11:27:36.842,True
33,6,50,fixed,87,200,50,3,1,11.056,10.104,2026-09-28T11:27:36.854,True
34,6,50,naive,87,200,50,53,51,19.578,18.543,2026-09-28T11:27:36.873,True
35,6,200,fixed,15,200,200,3,1,13.009,12.003,2026-09-28T11:27:36.887,True
36,6,200,naive,15,200,200,203,201,53.179,52.132,2026-09-28T11:27:36.940,True
37,7,10,naive,415,200,10,13,11,12.068,11.018,2026-09-28T11:27:36.953,True
38,7,10,fixed,415,200,10,3,1,10.716,9.771,2026-09-28T11:27:36.963,True
39,7,50,naive,39,200,50,53,51,19.166,18.247,2026-09-28T11:27:36.983,True
40,7,50,fixed,39,200,50,3,1,10.237,9.236,2026-09-28T11:27:36.993,True
41,7,200,naive,7,200,200,203,201,52.175,51.133,2026-09-28T11:27:37.046,True
42,7,200,fixed,7,200,200,3,1,11.941,10.871,2026-09-28T11:27:37.058,True
43,8,10,fixed,381,200,10,3,1,10.809,9.878,2026-09-28T11:27:37.069,True
44,8,10,naive,381,200,10,13,11,10.063,9.205,2026-09-28T11:27:37.079,True
45,8,50,fixed,31,200,50,3,1,9.628,8.757,2026-09-28T11:27:37.089,True
46,8,50,naive,31,200,50,53,51,19.391,18.422,2026-09-28T11:27:37.108,True
47,8,200,fixed,14,200,200,3,1,12.902,11.838,2026-09-28T11:27:37.121,True
48,8,200,naive,14,200,200,203,201,52.685,51.691,2026-09-28T11:27:37.175,True
49,9,10,naive,112,200,10,13,11,9.815,8.862,2026-09-28T11:27:37.185,True
50,9,10,fixed,112,200,10,3,1,8.461,7.546,2026-09-28T11:27:37.193,True
51,9,50,naive,55,200,50,53,51,19.546,18.558,2026-09-28T11:27:37.213,True
52,9,50,fixed,55,200,50,3,1,10.199,9.215,2026-09-28T11:27:37.223,True
53,9,200,naive,6,200,200,203,201,52.199,51.225,2026-09-28T11:27:37.276,True
54,9,200,fixed,6,200,200,3,1,11.53,10.602,2026-09-28T11:27:37.287,True
55,10,10,fixed,471,200,10,3,1,10.712,9.796,2026-09-28T11:27:37.298,True
56,10,10,naive,471,200,10,13,11,10.315,9.429,2026-09-28T11:27:37.309,True
57,10,50,fixed,45,200,50,3,1,9.943,8.986,2026-09-28T11:27:37.319,True
58,10,50,naive,45,200,50,53,51,19.605,18.586,2026-09-28T11:27:37.338,True
59,10,200,fixed,10,200,200,3,1,12.325,11.29,2026-09-28T11:27:37.351,True
60,10,200,naive,10,200,200,203,201,52.371,51.31,2026-09-28T11:27:37.404,True
61,11,10,naive,459,200,10,13,11,10.954,9.997,2026-09-28T11:27:37.415,True
62,11,10,fixed,459,200,10,3,1,10.633,9.699,2026-09-28T11:27:37.426,True
63,11,50,naive,71,200,50,53,51,20.126,19.122,2026-09-28T11:27:37.446,True
64,11,50,fixed,71,200,50,3,1,10.667,9.662,2026-09-28T11:27:37.457,True
65,11,200,naive,1,200,200,203,201,51.42,50.461,2026-09-28T11:27:37.508,True
66,11,200,fixed,1,200,200,3,1,11.345,10.404,2026-09-28T11:27:37.520,True
67,12,10,fixed,358,200,10,3,1,9.475,8.629,2026-09-28T11:27:37.530,True
68,12,10,naive,358,200,10,13,11,11.339,10.42,2026-09-28T11:27:37.541,True
69,12,50,fixed,17,200,50,3,1,8.061,7.179,2026-09-28T11:27:37.549,True
70,12,50,naive,17,200,50,53,51,18.245,17.315,2026-09-28T11:27:37.568,True
71,12,200,fixed,2,200,200,3,1,10.59,9.636,2026-09-28T11:27:37.579,True
72,12,200,naive,2,200,200,203,201,51.456,50.471,2026-09-28T11:27:37.631,True
73,13,10,naive,53,200,10,13,11,9.563,8.627,2026-09-28T11:27:37.640,True
74,13,10,fixed,53,200,10,3,1,7.172,6.273,2026-09-28T11:27:37.647,True
75,13,50,naive,47,200,50,53,51,18.992,18.04,2026-09-28T11:27:37.667,True
76,13,50,fixed,47,200,50,3,1,27.591,26.53,2026-09-28T11:27:37.694,True
77,13,200,naive,3,200,200,203,201,52.235,51.218,2026-09-28T11:27:37.747,True
78,13,200,fixed,3,200,200,3,1,13.596,12.635,2026-09-28T11:27:37.761,True
79,14,10,fixed,182,200,10,3,1,8.99,8.058,2026-09-28T11:27:37.770,True
80,14,10,naive,182,200,10,13,11,9.245,8.337,2026-09-28T11:27:37.779,True
81,14,50,fixed,62,200,50,3,1,10.911,10.002,2026-09-28T11:27:37.790,True
82,14,50,naive,62,200,50,53,51,19.849,18.83,2026-09-28T11:27:37.810,True
83,14,200,fixed,11,200,200,3,1,12.04,11.039,2026-09-28T11:27:37.823,True
84,14,200,naive,11,200,200,203,201,52.696,51.673,2026-09-28T11:27:37.876,True
85,15,10,naive,91,200,10,13,11,9.408,8.466,2026-09-28T11:27:37.885,True
86,15,10,fixed,91,200,10,3,1,8.026,7.118,2026-09-28T11:27:37.893,True
87,15,50,naive,100,200,50,53,51,22.843,21.926,2026-09-28T11:27:37.916,True
88,15,50,fixed,100,200,50,3,1,12.208,11.272,2026-09-28T11:27:37.929,True
89,15,200,naive,10,200,200,203,201,52.336,51.411,2026-09-28T11:27:37.981,True
90,15,200,fixed,10,200,200,3,1,12.07,11.106,2026-09-28T11:27:37.994,True
91,16,10,fixed,231,200,10,3,1,11.215,10.302,2026-09-28T11:27:38.005,True
92,16,10,naive,231,200,10,13,11,9.494,8.625,2026-09-28T11:27:38.015,True
93,16,50,fixed,32,200,50,3,1,9.221,8.373,2026-09-28T11:27:38.024,True
94,16,50,naive,32,200,50,53,51,18.68,17.789,2026-09-28T11:27:38.043,True
95,16,200,fixed,21,200,200,3,1,13.685,12.785,2026-09-28T11:27:38.057,True
96,16,200,naive,21,200,200,203,201,55.924,54.967,2026-09-28T11:27:38.113,True
97,17,10,naive,353,200,10,13,11,11.728,10.822,2026-09-28T11:27:38.125,True
98,17,10,fixed,353,200,10,3,1,9.735,8.841,2026-09-28T11:27:38.135,True
99,17,50,naive,1,200,50,53,51,17.599,16.514,2026-09-28T11:27:38.153,True
100,17,50,fixed,1,200,50,3,1,6.802,5.918,2026-09-28T11:27:38.159,True
101,17,200,naive,16,200,200,203,201,58.422,57.483,2026-09-28T11:27:38.218,True
102,17,200,fixed,16,200,200,3,1,15.839,14.909,2026-09-28T11:27:38.234,True
103,18,10,fixed,427,200,10,3,1,12.683,11.857,2026-09-28T11:27:38.247,True
104,18,10,naive,427,200,10,13,11,10.233,9.373,2026-09-28T11:27:38.258,True
105,18,50,fixed,49,200,50,3,1,9.538,8.577,2026-09-28T11:27:38.267,True
106,18,50,naive,49,200,50,53,51,19.189,18.174,2026-09-28T11:27:38.286,True
107,18,200,fixed,10,200,200,3,1,12.611,11.562,2026-09-28T11:27:38.299,True
108,18,200,naive,10,200,200,203,201,51.473,50.54,2026-09-28T11:27:38.351,True
109,19,10,naive,12,200,10,13,11,8.332,7.41,2026-09-28T11:27:38.360,True
110,19,10,fixed,12,200,10,3,1,5.713,4.918,2026-09-28T11:27:38.366,True
111,19,50,naive,65,200,50,53,51,19.072,18.209,2026-09-28T11:27:38.385,True
112,19,50,fixed,65,200,50,3,1,11.557,10.587,2026-09-28T11:27:38.396,True
113,19,200,naive,17,200,200,203,201,52.83,51.772,2026-09-28T11:27:38.450,True
114,19,200,fixed,17,200,200,3,1,13.436,12.397,2026-09-28T11:27:38.463,True
115,20,10,fixed,130,200,10,3,1,9.292,8.372,2026-09-28T11:27:38.473,True
116,20,10,naive,130,200,10,13,11,9.437,8.557,2026-09-28T11:27:38.482,True
117,20,50,fixed,47,200,50,3,1,9.44,8.582,2026-09-28T11:27:38.492,True
118,20,50,naive,47,200,50,53,51,19.034,18.045,2026-09-28T11:27:38.511,True
119,20,200,fixed,18,200,200,3,1,14.634,13.615,2026-09-28T11:27:38.526,True
120,20,200,naive,18,200,200,203,201,52.493,51.486,2026-09-28T11:27:38.579,True
121,21,10,naive,75,200,10,13,11,9.459,8.523,2026-09-28T11:27:38.589,True
122,21,10,fixed,75,200,10,3,1,7.561,6.716,2026-09-28T11:27:38.596,True
123,21,50,naive,55,200,50,53,51,18.214,17.296,2026-09-28T11:27:38.615,True
124,21,50,fixed,55,200,50,3,1,11.185,10.244,2026-09-28T11:27:38.626,True
125,21,200,naive,1,200,200,203,201,51.113,50.157,2026-09-28T11:27:38.677,True
126,21,200,fixed,1,200,200,3,1,9.915,8.986,2026-09-28T11:27:38.688,True
127,22,10,fixed,149,200,10,3,1,8.16,7.254,2026-09-28T11:27:38.696,True
128,22,10,naive,149,200,10,13,11,12.537,11.546,2026-09-28T11:27:38.708,True
129,22,50,fixed,85,200,50,3,1,11.496,10.411,2026-09-28T11:27:38.720,True
130,22,50,naive,85,200,50,53,51,20.212,19.195,2026-09-28T11:27:38.740,True
131,22,200,fixed,21,200,200,3,1,13.334,12.408,2026-09-28T11:27:38.754,True
132,22,200,naive,21,200,200,203,201,53.629,52.667,2026-09-28T11:27:38.808,True
133,23,10,naive,239,200,10,13,11,10.278,9.319,2026-09-28T11:27:38.819,True
134,23,10,fixed,239,200,10,3,1,9.729,8.781,2026-09-28T11:27:38.828,True
135,23,50,naive,75,200,50,53,51,19.35,18.359,2026-09-28T11:27:38.848,True
136,23,50,fixed,75,200,50,3,1,10.876,9.902,2026-09-28T11:27:38.859,True
137,23,200,naive,3,200,200,203,201,51.613,50.634,2026-09-28T11:27:38.911,True
138,23,200,fixed,3,200,200,3,1,10.846,9.918,2026-09-28T11:27:38.922,True
139,24,10,fixed,222,200,10,3,1,9.054,8.151,2026-09-28T11:27:38.931,True
140,24,10,naive,222,200,10,13,11,9.631,8.786,2026-09-28T11:27:38.941,True
141,24,50,fixed,32,200,50,3,1,8.804,7.959,2026-09-28T11:27:38.950,True
142,24,50,naive,32,200,50,53,51,19.22,18.28,2026-09-28T11:27:38.969,True
143,24,200,fixed,3,200,200,3,1,10.737,9.745,2026-09-28T11:27:38.980,True
144,24,200,naive,3,200,200,203,201,51.999,51.03,2026-09-28T11:27:39.033,True
145,25,10,naive,403,200,10,13,11,10.369,9.405,2026-09-28T11:27:39.043,True
146,25,10,fixed,403,200,10,3,1,9.748,8.839,2026-09-28T11:27:39.053,True
147,25,50,naive,14,200,50,53,51,17.706,16.775,2026-09-28T11:27:39.071,True
148,25,50,fixed,14,200,50,3,1,8.417,7.467,2026-09-28T11:27:39.079,True
149,25,200,naive,19,200,200,203,201,54.61,53.531,2026-09-28T11:27:39.134,True
150,25,200,fixed,19,200,200,3,1,13.749,12.665,2026-09-28T11:27:39.148,True
151,26,10,fixed,111,200,10,3,1,7.888,6.957,2026-09-28T11:27:39.156,True
152,26,10,naive,111,200,10,13,11,9.43,8.506,2026-09-28T11:27:39.166,True
153,26,50,fixed,46,200,50,3,1,9.564,8.627,2026-09-28T11:27:39.176,True
154,26,50,naive,46,200,50,53,51,19.359,18.359,2026-09-28T11:27:39.195,True
155,26,200,fixed,9,200,200,3,1,11.972,10.959,2026-09-28T11:27:39.207,True
156,26,200,naive,9,200,200,203,201,52.521,51.522,2026-09-28T11:27:39.260,True
157,27,10,naive,480,200,10,13,11,10.908,9.956,2026-09-28T11:27:39.271,True
158,27,10,fixed,480,200,10,3,1,10.629,9.695,2026-09-28T11:27:39.282,True
159,27,50,naive,83,200,50,53,51,19.103,18.034,2026-09-28T11:27:39.301,True
160,27,50,fixed,83,200,50,3,1,11.593,10.5,2026-09-28T11:27:39.313,True
161,27,200,naive,21,200,200,203,201,52.982,51.969,2026-09-28T11:27:39.366,True
162,27,200,fixed,21,200,200,3,1,13.611,12.615,2026-09-28T11:27:39.380,True
163,28,10,fixed,486,200,10,3,1,10.689,9.769,2026-09-28T11:27:39.391,True
164,28,10,naive,486,200,10,13,11,10.927,9.967,2026-09-28T11:27:39.402,True
165,28,50,fixed,8,200,50,3,1,7.732,6.817,2026-09-28T11:27:39.410,True
166,28,50,naive,8,200,50,53,51,17.971,16.994,2026-09-28T11:27:39.428,True
167,28,200,fixed,9,200,200,3,1,12.359,11.317,2026-09-28T11:27:39.441,True
168,28,200,naive,9,200,200,203,201,51.831,50.807,2026-09-28T11:27:39.493,True
169,29,10,naive,239,200,10,13,11,10.184,9.231,2026-09-28T11:27:39.503,True
170,29,10,fixed,239,200,10,3,1,9.459,8.525,2026-09-28T11:27:39.513,True
171,29,50,naive,54,200,50,53,51,18.811,17.792,2026-09-28T11:27:39.532,True
172,29,50,fixed,54,200,50,3,1,10.568,9.6,2026-09-28T11:27:39.543,True
173,29,200,naive,22,200,200,203,201,71.159,70.064,2026-09-28T11:27:39.614,True
174,29,200,fixed,22,200,200,3,1,13.973,12.994,2026-09-28T11:27:39.628,True
175,30,10,fixed,460,200,10,3,1,10.523,9.674,2026-09-28T11:27:39.639,True
176,30,10,naive,460,200,10,13,11,10.292,9.462,2026-09-28T11:27:39.649,True
177,30,50,fixed,82,200,50,3,1,10.758,9.82,2026-09-28T11:27:39.660,True
178,30,50,naive,82,200,50,53,51,19.497,18.535,2026-09-28T11:27:39.680,True
179,30,200,fixed,1,200,200,3,1,9.75,8.801,2026-09-28T11:27:39.690,True
180,30,200,naive,1,200,200,203,201,52.238,51.253,2026-09-28T11:27:39.743,True
